epoch,generator_type,ValidationStep_FakeData_KLDivergence,ValidationStep_FakeData_LogLikelihood,ValidationStep_FakeData_IsPositive,ValidationStep_FakeData_WassersteinDistance,ValidationStep_FakeData_MMDDistance,train_g_loss_epoch,d_loss,g_loss
0,quantum_samples,8.975915988286337,-10.088855743408203,-0.0013333347936471303,1.1722996234893799,0.25760212540626526,0.18981172144412994,,
0,classical_normal,16.351989499727885,-18.226264867626252,0.29216393523803746,1.1733531951904297,0.29021504521369934,5.21720027923584,,
0,quantum_shadows,13.355088233947754,-9.067554473876953,0.09000000357627869,,,,,
0,classical_uniform,19.31946897506714,-19.565770149230957,0.07970370259135962,,,,,
1,quantum_samples,7.739688277244568,-6.3929595947265625,0.05666666803881526,0.4432743489742279,0.1718679964542389,11.572415351867676,,
1,classical_normal,15.377124613523483,-16.678948730718894,0.26323497041174376,0.5737403333187103,0.1521572843194008,12.152946472167969,,
1,quantum_shadows,12.07086181640625,-7.520228385925293,0.006000000052154064,,,,,
1,classical_uniform,14.368234581417507,-13.971301065550911,0.10266666958988127,,,,,
2,quantum_samples,5.496844559907913,-4.342528025309245,-0.033333332588275276,0.3456912636756897,0.12597912549972534,7.761099815368652,,
2,classical_normal,14.315628788510306,-15.640597437248855,0.34827322359425855,0.6546328067779541,0.12179595977067947,9.330280303955078,,
2,quantum_shadows,10.991547584533691,-6.6238579750061035,0.06199999898672104,,,,,
2,classical_uniform,14.008119901021322,-13.350552876790365,0.14170370478596953,,,,,
3,quantum_samples,5.322650119662285,-4.136581738789876,0.0346666673819224,0.40164312720298767,0.12746956944465637,6.253360748291016,,
3,classical_normal,13.893399500846863,-15.738330903600474,0.24109289584467647,0.36314885318279266,0.13667385280132294,5.54477596282959,,
3,quantum_shadows,9.722366333007812,-5.647208213806152,0.003999999724328518,,,,,
3,classical_uniform,16.18162777688768,-15.575419399473402,0.04318518419232634,,,,,
4,quantum_samples,7.719086647033691,-3.8778973817825317,0.047999996691942215,,,,,
4,classical_normal,12.973966562845668,-13.25336437928872,0.24496174967069118,0.45497408509254456,0.12420346587896347,3.3624935150146484,,
4,quantum_shadows,8.941047668457031,-4.980587005615234,0.009999999776482582,,,,,
4,classical_uniform,13.979496399561564,-13.305365138583714,0.2444444422920545,,,,,
5,quantum_samples,7.791163444519043,-3.9556503295898438,0.02800000086426735,,,,,
5,classical_normal,12.461367114384968,-12.583750092983246,0.20863333522963026,0.42817769944667816,0.15480707585811615,2.1237106323242188,,
5,quantum_shadows,8.913269996643066,-4.966394424438477,0.07000000029802322,,,,,
5,classical_uniform,13.561661137474907,-12.800411250856188,0.2451851855342587,,,,,
6,quantum_samples,7.709657669067383,-3.818624496459961,0.04200000315904617,,,,,
6,classical_normal,9.232855339439547,-13.201083056132,0.24827777741269935,0.32216158509254456,0.10820288211107254,1.0490763783454895,,
6,quantum_shadows,9.85850715637207,-5.704500198364258,-0.014000000432133675,,,,,
6,classical_uniform,15.210266219245064,-14.334709564844767,0.29377777786511516,,,,,
7,quantum_samples,7.605351448059082,-3.822298049926758,0.017999999225139618,,,,,
7,classical_normal,8.719215610501717,-42.828928144772846,0.12936666548678963,0.4423070400953293,0.1495228409767151,-0.11322123929858208,,
7,quantum_shadows,9.936088562011719,-5.844842910766602,0.07999999821186066,,,,,
7,classical_uniform,14.540209425820244,-13.423955652448866,0.2630000002682209,,,,,
8,quantum_samples,7.751857280731201,-3.8535141944885254,0.0,,,,,
8,classical_normal,8.476190248314214,-112.5907318075498,0.11611111182719469,0.43676018714904785,0.11206739768385887,-0.5510937571525574,,
8,quantum_shadows,8.057186126708984,-4.087123394012451,0.024000000208616257,,,,,
8,classical_uniform,12.117979923884073,-10.891093757417467,0.2897037051411139,,,,,
9,quantum_samples,7.720401763916016,-3.8540401458740234,-0.07799999415874481,,,,,
9,classical_normal,8.616948359574263,-217.71810506979625,0.14747777694525818,0.32530030608177185,0.1267758384346962,-1.113641768693924,,
9,quantum_shadows,7.560140609741211,-3.832474708557129,0.04800000041723251,,,,,
9,classical_uniform,12.033214569091797,-10.810672627555,0.16244444225190413,,,,,
10,quantum_samples,7.859610557556152,-3.9109601974487305,-0.01599999889731407,,,,,
10,classical_normal,8.102156202728843,-62.02882005373637,0.15531111103482545,0.30988816916942596,0.10851886123418808,-1.1113190203905106,,
10,quantum_shadows,,,,,,,,
10,classical_uniform,11.251731051339043,-9.94724354479048,-0.012777779354817338,,,,,
11,quantum_samples,7.966292381286621,-3.998480796813965,-0.0559999980032444,,,,,
11,classical_normal,7.163694373564795,-224.68910264174144,0.2128111096099019,0.2767244577407837,0.13134665042161942,-0.2672867774963379,,
11,quantum_shadows,,,,,,,,
11,classical_uniform,16.778576334317524,-15.363658322228325,0.08340740529820323,,,,,
12,quantum_samples,7.520407676696777,-3.815875768661499,-0.05000000447034836,,,,,
12,classical_normal,7.869870360137201,-16.76329540014267,0.2472111110323264,0.40737828612327576,0.14388838410377502,-1.5056324005126953,,
12,quantum_shadows,,,,,,,,
12,classical_uniform,25.936984578768413,-24.362832572725083,-0.010666661999291845,,,,,
13,quantum_samples,7.616879463195801,-3.770854949951172,0.014000000432133675,,,,,
13,classical_normal,7.074903234451388,-32.926515916983284,0.1915111118487807,0.34121283888816833,0.1183958388864994,-1.490757942199707,,
13,quantum_shadows,,,,,,,,
13,classical_uniform,12.354462174808278,-29.727234019173515,0.013592590784860982,,,,,
14,quantum_samples,7.634931564331055,-3.7970290184020996,0.017999999225139618,,,,,
14,classical_normal,9.101364009474453,-10.969957355658213,0.19078889046019565,0.3988068699836731,0.14182838052511215,-1.7225171327590942,,
14,quantum_shadows,,,,,,,,
14,classical_uniform,22.1973553498586,-20.523634036382038,0.256296298156182,,,,,
15,quantum_samples,8.373603820800781,-4.220950126647949,0.010000000707805157,,,,,
15,classical_normal,9.265897267979794,-9.320366311073304,0.22693333451946576,0.31758344173431396,0.10873902216553688,-2.600285530090332,,
15,quantum_shadows,,,,,,,,
15,classical_uniform,14.966696474287245,-13.036034160190159,0.40766666679539615,,,,,
16,quantum_samples,7.514275550842285,-3.7510409355163574,-0.007999999448657036,,,,,
16,classical_normal,9.231509056070756,-8.947869785626729,0.1790999966751163,0.4638602137565613,0.17234966903924942,-3.0019251108169556,,
16,quantum_shadows,,,,,,,,
16,classical_uniform,13.89605320824517,-11.892202814420065,0.2720000011225541,,,,,
17,quantum_samples,7.586915969848633,-3.722500801086426,-0.02199999988079071,,,,,
17,classical_normal,9.047794930636883,-9.745474318663279,0.2365444448310882,0.377689927816391,0.12785399705171585,-1.2723884880542755,,
17,quantum_shadows,,,,,,,,
17,classical_uniform,13.455819845199585,-11.333558268017239,0.28862962478564846,,,,,
18,quantum_samples,8.000346183776855,-4.009528636932373,0.02800000086426735,,,,,
18,classical_normal,8.892113723141815,-8.008530871073406,0.1899333346803259,0.3954039514064789,0.12324639782309532,-1.355663884896785,,
18,quantum_shadows,,,,,,,,
18,classical_uniform,14.13285364045037,-11.9448704984453,0.37522221972338027,,,,,
19,quantum_samples,7.424356460571289,-3.6931824684143066,0.007999999448657036,,,,,
19,classical_normal,8.326707568518552,-8.272401734193165,0.20871111186376462,0.40182559192180634,0.11779315769672394,-1.3746947050094604,,
19,quantum_shadows,,,,,,,,
19,classical_uniform,15.134750816557142,-12.844617300563389,0.263592603099015,,,,,
20,quantum_samples,,,,,,,,
20,classical_normal,8.846113415767572,-7.594617958726554,0.1914942533596708,0.3656204640865326,0.1320040076971054,-0.5495196580886841,,
20,quantum_shadows,,,,,,,,
20,classical_uniform,17.611243290059708,-15.32954447409686,0.21356863046393676,,,,,
21,quantum_samples,,,,,,,,
21,classical_normal,8.937847008396473,-7.3454859708917555,0.17542528747460515,0.4294189512729645,0.1798451840877533,-1.6049229502677917,,
21,quantum_shadows,,,,,,,,
21,classical_uniform,19.023622078054093,-16.677271380144006,-0.11858822662821587,,,,,
22,quantum_samples,,,,,,,,
22,classical_normal,8.338612559596422,-7.944197926028021,0.22920689725413404,0.3114153742790222,0.09453117102384567,-2.7913119103759527,,
22,quantum_shadows,,,,,,,,
22,classical_uniform,15.753755509853363,-17.63320821874282,0.017137255629195887,,,,,
23,quantum_samples,,,,,,,,
23,classical_normal,8.327543364451179,-8.079924320352488,0.18175862146669935,0.2691235989332199,0.09720828384160995,-2.3290600776672363,,
23,quantum_shadows,,,,,,,,
23,classical_uniform,14.636471420526505,-16.691774199990665,0.051960788119365185,,,,,
24,quantum_samples,,,,,,,,
24,classical_normal,8.531144260808274,-9.1633548531039,0.16973563423380256,0.34705880284309387,0.13480033725500107,-2.9524388909339905,,
24,quantum_shadows,,,,,,,,
24,classical_uniform,14.793477445840836,-16.681296152227066,-0.05047058642787092,,,,,
25,quantum_samples,,,,,,,,
25,classical_normal,8.739730399472776,-9.725743943247302,0.2695287359301697,0.39375685155391693,0.12065354362130165,-2.597897417843342,,
25,quantum_shadows,,,,,,,,
25,classical_uniform,14.960970312356949,-16.70036756291109,0.09658823874505128,,,,,
26,quantum_samples,,,,,,,,
26,classical_normal,8.662052376126802,-8.70296311378479,0.2730919524770358,0.30398307740688324,0.12429318949580193,-2.0961053520441055,,
26,quantum_shadows,,,,,,,,
26,classical_uniform,15.67936098575592,-17.40102664162131,0.08317646899205797,,,,,
27,quantum_samples,,,,,,,,
27,classical_normal,8.542845116826621,-7.896942307209146,0.2173563216307104,0.3537931889295578,0.1305302008986473,-3.1067384481430054,,
27,quantum_shadows,,,,,,,,
27,classical_uniform,14.830507904291153,-16.289963848450604,-0.10184313773232348,,,,,
28,quantum_samples,,,,,,,,
28,classical_normal,8.23319034099027,-7.439503192901611,0.23108045864400678,0.36606350541114807,0.11402518302202225,-3.4154767990112305,,
28,quantum_shadows,,,,,,,,
28,classical_uniform,13.58012941479683,-14.42023504481596,-0.031019607997115922,,,,,
29,quantum_samples,,,,,,,,
29,classical_normal,8.500065674522409,-7.772118017591279,0.15181609245027874,0.2841968983411789,0.10719001293182373,-3.5627361685037613,,
29,quantum_shadows,,,,,,,,
29,classical_uniform,12.744592919945717,-13.57038244079141,-0.14623528949039824,,,,,
30,quantum_samples,,,,,,,,
30,classical_normal,8.619542493269993,-7.672190419265202,0.17594047473228006,,,,,
30,quantum_shadows,,,,,,,,
30,classical_uniform,14.064483239100529,-15.388121247291565,-0.1987619059426444,,,,,
31,quantum_samples,,,,,,,,
31,classical_normal,8.644052887862584,-7.1096959965569635,0.13017857135439823,,,,,
31,quantum_shadows,,,,,,,,
31,classical_uniform,15.717840964977558,-16.650763784136092,-0.3859047628939152,,,,,
32,quantum_samples,,,,,,,,
32,classical_normal,8.541011940758183,-6.868208246571677,0.17897619145722793,,,,,
32,quantum_shadows,,,,,,,,
32,classical_uniform,15.273350733977098,-15.68679938997541,-0.15199998899229936,,,,,
33,quantum_samples,,,,,,,,
33,classical_normal,8.941049072959206,-6.902058243751526,0.12721428706676566,,,,,
33,quantum_shadows,,,,,,,,
33,classical_uniform,14.394894251456627,-15.055557915142604,-0.19171428680419922,,,,,
34,quantum_samples,,,,,,,,
34,classical_normal,8.497644411193,-6.802697841610227,0.17222619087468566,,,,,
34,quantum_shadows,,,,,,,,
34,classical_uniform,14.709360452798697,-14.999195405415126,-0.15904762409627438,,,,,
35,quantum_samples,,,,,,,,
35,classical_normal,8.389215109483251,-6.994196095636913,0.12263095338961907,,,,,
35,quantum_shadows,,,,,,,,
35,classical_uniform,14.648065456977257,-14.935610737119402,-0.0923809509813076,,,,,
36,quantum_samples,,,,,,,,
36,classical_normal,9.0001041802493,-7.020077858652387,0.1827261885212335,,,,,
36,quantum_shadows,,,,,,,,
36,classical_uniform,15.67108363371629,-15.356640645435878,-0.00980953366628715,,,,,
37,quantum_samples,,,,,,,,
37,classical_normal,8.478559408547744,-6.989075217928205,0.14565476065867447,,,,,
37,quantum_shadows,,,,,,,,
37,classical_uniform,18.327381500831017,-18.024762051446096,-0.10676189778106553,,,,,
38,quantum_samples,,,,,,,,
38,classical_normal,8.54276246936233,-6.710456605468478,0.19479761893827735,,,,,
38,quantum_shadows,,,,,,,,
38,classical_uniform,16.071726688971886,-16.048218897410802,-0.0003809653488653047,,,,,
39,quantum_samples,,,,,,,,
39,classical_normal,8.680080995776436,-6.821181012051446,0.14426190526864957,,,,,
39,quantum_shadows,,,,,,,,
39,classical_uniform,16.41865110397339,-16.105522087642125,0.16628572264952318,,,,,
40,quantum_samples,,,,,,,,
40,classical_normal,8.751350171999498,-6.981088825634548,0.09155952594509083,,,,,
40,quantum_shadows,,,,,,,,
40,classical_uniform,16.7256529881404,-16.391409022467478,0.1933333378817354,,,,,
41,quantum_samples,,,,,,,,
41,classical_normal,8.735506337339228,-7.062364339828491,0.04522618909998398,,,,,
41,quantum_shadows,,,,,,,,
41,classical_uniform,15.801764249801636,-14.783929637500218,0.07285713351198606,,,,,
42,quantum_samples,,,,,,,,
42,classical_normal,8.569721794128418,-6.766426512173244,0.09000000005887289,,,,,
42,quantum_shadows,,,,,,,,
42,classical_uniform,16.480024887965275,-15.030922378812518,-0.0006666626182517835,,,,,
43,quantum_samples,,,,,,,,
43,classical_normal,8.362661897052417,-6.698622397014073,0.08555952469967971,,,,,
43,quantum_shadows,,,,,,,,
43,classical_uniform,21.34467491736779,-20.1047397341047,0.00780952163040638,,,,,
44,quantum_samples,,,,,,,,
44,classical_normal,8.343739858540621,-6.843302641596113,0.08726190638844855,,,,,
44,quantum_shadows,,,,,,,,
44,classical_uniform,24.645887815035305,-22.932211909975326,0.14057142963533156,,,,,
45,quantum_samples,,,,,,,,
45,classical_normal,8.444903399727561,-6.6026215851306915,0.05258333358714091,,,,,
45,quantum_shadows,,,,,,,,
45,classical_uniform,24.267081260681152,-20.36358506338937,0.03466666862368584,,,,,
46,quantum_samples,,,,,,,,
46,classical_normal,8.260787671262568,-6.4067882640021185,0.05348809514128204,,,,,
46,quantum_shadows,,,,,,,,
46,classical_uniform,17.879018636850212,-15.972403424126762,0.014857139438390732,,,,,
47,quantum_samples,,,,,,,,
47,classical_normal,8.254999032887545,-6.441309371164867,0.07582142912516636,,,,,
47,quantum_shadows,,,,,,,,
47,classical_uniform,15.364727093623234,-13.38055852481297,0.06561905145645142,,,,,
48,quantum_samples,,,,,,,,
48,classical_normal,8.256092264435509,-6.299008595091956,0.07898809513010617,,,,,
48,quantum_shadows,,,,,,,,
48,classical_uniform,15.637229625995342,-13.24319440977914,0.21561905249421084,,,,,
49,quantum_samples,,,,,,,,
49,classical_normal,8.324214969981801,-6.342372660126005,0.04719047585967928,,,,,
49,quantum_shadows,,,,,,,,
49,classical_uniform,17.53346822812007,-14.743616325514656,0.1778095209571932,,,,,
50,quantum_samples,,,,,,,,
50,classical_normal,9.078513427656524,-6.520351386070251,0.05014666693750769,,,,,
50,quantum_shadows,,,,,,,,
50,classical_uniform,16.614057336534774,-12.446974447795323,0.22352381316678865,,,,,
51,quantum_samples,,,,,,,,
51,classical_normal,9.644420948028564,-6.590444922447205,0.07120000251336023,,,,,
51,quantum_shadows,,,,,,,,
51,classical_uniform,15.138467584337507,-11.169130631855555,0.19266666587541945,,,,,
52,quantum_samples,,,,,,,,
52,classical_normal,9.658598364615926,-6.902494430541992,0.025640000947751106,,,,,
52,quantum_shadows,,,,,,,,
52,classical_uniform,14.064061318125043,-10.073506678853716,0.11933333426713943,,,,,
53,quantum_samples,,,,,,,,
53,classical_normal,9.984679355621338,-7.018421082496643,0.07662666626973078,,,,,
53,quantum_shadows,,,,,,,,
53,classical_uniform,16.701539243970597,-12.81576565333775,0.030857140497703637,,,,,
54,quantum_samples,,,,,,,,
54,classical_normal,9.335285926351743,-6.834248332977295,0.07452000048942864,,,,,
54,quantum_shadows,,,,,,,,
54,classical_uniform,15.050258840833392,-11.389393976756505,0.07809523612793003,,,,,
55,quantum_samples,,,,,,,,
55,classical_normal,9.386799983978271,-6.390174813270569,0.04438666633563116,,,,,
55,quantum_shadows,,,,,,,,
55,classical_uniform,14.563122204371862,-10.750161409378052,-0.01933333676840578,,,,,
56,quantum_samples,,,,,,,,
56,classical_normal,9.422978200912475,-6.5397562789917,0.08165333356397848,,,,,
56,quantum_shadows,,,,,,,,
56,classical_uniform,14.647941998073033,-10.612783057349068,-0.08761904501755323,,,,,
57,quantum_samples,,,,,,,,
57,classical_normal,8.922810612892619,-6.681184029579162,0.018466667812317608,,,,,
57,quantum_shadows,,,,,,,,
57,classical_uniform,13.413555315562657,-9.364716529846191,-0.18133332912943192,,,,,
58,quantum_samples,,,,,,,,
58,classical_normal,9.320916808381373,-7.067745018005371,0.08601333369190495,,,,,
58,quantum_shadows,,,,,,,,
58,classical_uniform,13.364727360861641,-9.33466569014958,-0.13400000214044536,,,,,
59,quantum_samples,,,,,,,,
59,classical_normal,9.117317267826625,-6.599782772064209,0.02881333327541749,,,,,
59,quantum_shadows,,,,,,,,
59,classical_uniform,16.38362874303545,-12.276401962552752,-0.07780952139624528,,,,,
60,quantum_samples,,,,,,,,
60,classical_normal,9.253965903301628,-7.69883252620697,0.036213333066552875,,,,,
60,quantum_shadows,,,,,,,,
60,classical_uniform,15.553113767078944,-11.54496717453003,-0.061333332410348315,,,,,
61,quantum_samples,,,,,,,,
61,classical_normal,9.492375526428223,-6.5340052318573,0.0830533342063427,,,,,
61,quantum_shadows,,,,,,,,
61,classical_uniform,13.418590136936732,-9.562417711530413,-0.057904758623668125,,,,,
62,quantum_samples,,,,,,,,
62,classical_normal,9.763456745147705,-7.148230390548706,0.07151999935740605,,,,,
62,quantum_shadows,,,,,,,,
62,classical_uniform,13.006847722189766,-9.15606198992048,0.018476188615230576,,,,,
63,quantum_samples,,,,,,,,
63,classical_normal,8.82820886495162,-6.73267514705658,0.03178666726918891,,,,,
63,quantum_shadows,,,,,,,,
63,classical_uniform,13.951260685920715,-10.039539371218,0.07933333373096373,,,,,
64,quantum_samples,,,,,,,,
64,classical_normal,9.708209648132325,-6.867623133659363,0.08821333195082844,,,,,
64,quantum_shadows,,,,,,,,
64,classical_uniform,15.444244384765625,-11.499274321964808,0.022857142545815026,,,,,
65,quantum_samples,,,,,,,,
65,classical_normal,8.841542779182902,-6.472978210449218,0.046893334104679524,,,,,
65,quantum_shadows,,,,,,,,
65,classical_uniform,18.287529604775564,-14.377734524863106,0.06942856970376202,,,,,
66,quantum_samples,,,,,,,,
66,classical_normal,9.441741075515747,-6.499987206459045,0.04547999893315136,,,,,
66,quantum_shadows,,,,,,,,
66,classical_uniform,12.45850304194859,-8.54794808796474,0.1260952376095312,,,,,
67,quantum_samples,,,,,,,,
67,classical_normal,8.774043336206553,-6.524057602882385,0.0518266661488451,,,,,
67,quantum_shadows,,,,,,,,
67,classical_uniform,13.57781536238534,-9.666338409696307,0.061714286250727515,,,,,
68,quantum_samples,,,,,,,,
68,classical_normal,8.650579724993024,-6.479359130859375,0.03877333323704079,,,,,
68,quantum_shadows,,,,,,,,
68,classical_uniform,13.185720375605992,-9.331364563533239,0.04219047512326922,,,,,
69,quantum_samples,,,,,,,,
69,classical_normal,8.741223753715047,-6.663506011962891,0.03237333284690976,,,,,
69,quantum_shadows,,,,,,,,
69,classical_uniform,13.78229294504438,-9.879931892667498,-0.1506666631238269,,,,,
70,quantum_samples,,,,,,,,
70,classical_normal,8.635406961246412,-6.312192511558533,0.03950666537508368,,,,,
70,quantum_shadows,,,,,,,,
70,classical_uniform,15.483203717640468,-11.296380690165929,-0.14514285656956158,,,,,
71,quantum_samples,,,,,,,,
71,classical_normal,8.718739237104144,-6.387107887268066,0.07470666730776429,,,,,
71,quantum_shadows,,,,,,,,
71,classical_uniform,17.864326681409562,-13.549948351723808,-0.11295238029976774,,,,,
72,quantum_samples,,,,,,,,
72,classical_normal,8.577466195943405,-6.493307404518127,0.039933334060478956,,,,,
72,quantum_shadows,,,,,,,,
72,classical_uniform,15.855672700064522,-11.711955921990532,-0.11809523945807346,,,,,
73,quantum_samples,,,,,,,,
73,classical_normal,9.147936916351318,-6.1082932662963865,0.08474666683934629,,,,,
73,quantum_shadows,,,,,,,,
73,classical_uniform,12.55400390284402,-8.602517672947474,-0.09190476210122663,,,,,
74,quantum_samples,,,,,,,,
74,classical_normal,8.393556147205587,-6.355798840522766,0.03202666585333645,,,,,
74,quantum_shadows,,,,,,,,
74,classical_uniform,13.484310150146484,-9.586858749389648,-0.10285714358490493,,,,,
75,quantum_samples,,,,,,,,
75,classical_normal,8.55788263982656,-6.254699497222901,0.07936000029090792,,,,,
75,quantum_shadows,,,,,,,,
75,classical_uniform,15.808682373591832,-11.910046781812396,-0.05504762040384646,,,,,
76,quantum_samples,,,,,,,,
76,classical_normal,9.492764854431153,-6.71564772605896,0.06188000108115375,,,,,
76,quantum_shadows,,,,,,,,
76,classical_uniform,16.0390146119254,-12.224284785134452,-0.0023809511746679035,,,,,
77,quantum_samples,,,,,,,,
77,classical_normal,8.768068371986857,-6.456027789115906,0.04621333341114223,,,,,
77,quantum_shadows,,,,,,,,
77,classical_uniform,14.468879495348249,-10.650167124611992,-0.03923810147015112,,,,,
78,quantum_samples,,,,,,,,
78,classical_normal,8.67370133497277,-6.293513197898864,0.0755866674752906,,,,,
78,quantum_shadows,,,,,,,,
78,classical_uniform,13.282610637801033,-9.305699706077576,-0.02485714653240783,,,,,
79,quantum_samples,,,,,,,,
79,classical_normal,9.10397912979126,-6.155492224693298,0.027360000936314462,,,,,
79,quantum_shadows,,,,,,,,
79,classical_uniform,13.85922622680664,-9.78252877507891,0.06438095388667923,,,,,
80,quantum_samples,,,,,,,,
80,classical_normal,8.467378810960419,-6.033450322151184,0.07739999965143701,,,,,
80,quantum_shadows,,,,,,,,
80,classical_uniform,14.357427733285087,-10.274586030415126,0.11000000060136829,,,,,
81,quantum_samples,,,,,,,,
81,classical_normal,8.924825439453125,-6.033815507888794,0.014039999858941882,,,,,
81,quantum_shadows,,,,,,,,
81,classical_uniform,13.946087837219238,-9.880104507718768,0.062380951430116384,,,,,
82,quantum_samples,,,,,,,,
82,classical_normal,8.81076985359192,-5.9216004610061646,0.04053333414718509,,,,,
82,quantum_shadows,,,,,,,,
82,classical_uniform,16.016570602144515,-11.922146933419365,0.07085714263043233,,,,,
83,quantum_samples,,,,,,,,
83,classical_normal,8.705070362091064,-5.836817469596863,0.08227999987080693,,,,,
83,quantum_shadows,,,,,,,,
83,classical_uniform,13.751025608607701,-9.74800171170916,0.09361904749779829,,,,,
84,quantum_samples,,,,,,,,
84,classical_normal,8.760632591247559,-5.959861512184143,0.0262133341957815,,,,,
84,quantum_shadows,,,,,,,,
84,classical_uniform,13.26353999546596,-9.446489368166242,-0.10085714262511049,,,,,
85,quantum_samples,,,,,,,,
85,classical_normal,8.625032539367675,-5.843052144050598,0.08711999997496606,,,,,
85,quantum_shadows,,,,,,,,
85,classical_uniform,12.966335773468018,-9.141931022916522,-0.13504761869886092,,,,,
86,quantum_samples,,,,,,,,
86,classical_normal,8.333567638786471,-5.970227942466736,0.026093333268072456,,,,,
86,quantum_shadows,,,,,,,,
86,classical_uniform,19.120135920388357,-15.121271201542445,-0.12838095180424197,,,,,
87,quantum_samples,,,,,,,,
87,classical_normal,8.444239655319524,-5.915457415580749,0.10301333336159586,,,,,
87,quantum_shadows,,,,,,,,
87,classical_uniform,16.13058124269758,-12.197638818195887,-0.0632380932137104,,,,,
88,quantum_samples,,,,,,,,
88,classical_normal,8.712781600952148,-5.966460008621215,0.044386667138896885,,,,,
88,quantum_shadows,,,,,,,,
88,classical_uniform,15.427001953125,-11.620625632149833,-0.058000000925468545,,,,,
89,quantum_samples,,,,,,,,
89,classical_normal,8.318822033551275,-5.647267713546753,0.04035999906249344,,,,,
89,quantum_shadows,,,,,,,,
89,classical_uniform,13.878366470336914,-12.919388805116926,-0.056571429196212976,,,,,
90,quantum_samples,,,,,,,,
90,classical_normal,8.292802839863057,-5.845226316452027,0.08580000018700958,,,,,
90,quantum_shadows,,,,,,,,
90,classical_uniform,15.196361473628453,-11.139126947947911,0.08038095211876291,,,,,
91,quantum_samples,,,,,,,,
91,classical_normal,8.475302929780922,-5.766865525245667,0.051066665241184334,,,,,
91,quantum_shadows,,,,,,,,
91,classical_uniform,14.839563846588135,-10.748040744236537,0.10000000168968524,,,,,
92,quantum_samples,,,,,,,,
92,classical_normal,8.274171975194191,-5.616028547286987,0.030840000761672856,,,,,
92,quantum_shadows,,,,,,,,
92,classical_uniform,29.276542867933,-25.2387433052063,0.06752381061336823,,,,,
93,quantum_samples,,,,,,,,
93,classical_normal,8.108401833748331,-5.786796312332154,0.04590666575046876,,,,,
93,quantum_shadows,,,,,,,,
93,classical_uniform,24.87802525929042,-20.85172155925206,0.053809524314211946,,,,,
94,quantum_samples,,,,,,,,
94,classical_normal,8.191202913011823,-5.649310283660888,0.034880000650882724,,,,,
94,quantum_shadows,,,,,,,,
94,classical_uniform,14.946275983537946,-10.926715782710485,0.09933333162085287,,,,,
95,quantum_samples,,,,,,,,
95,classical_normal,8.381319103240967,-5.603681216239929,0.05137333403496693,,,,,
95,quantum_shadows,,,,,,,,
95,classical_uniform,14.468289920261928,-10.543218680790492,0.08295238057949714,,,,,
96,quantum_samples,,,,,,,,
96,classical_normal,8.067311773494799,-5.555520749092102,0.07750666634179652,,,,,
96,quantum_shadows,,,,,,,,
96,classical_uniform,14.963149888174874,-11.176635367529732,0.06638095235185963,,,,,
97,quantum_samples,,,,,,,,
97,classical_normal,8.351780633926392,-5.642972493171692,0.06121333318762481,,,,,
97,quantum_shadows,,,,,,,,
97,classical_uniform,14.708993434906006,-10.827565635953631,-0.09800000102924449,,,,,
98,quantum_samples,,,,,,,,
98,classical_normal,8.05826185187515,-5.503961839675903,0.07081333365291358,,,,,
98,quantum_shadows,,,,,,,,
98,classical_uniform,15.037156547818865,-11.105218921388898,-0.0797142846110676,,,,,
99,quantum_samples,,,,,,,,
99,classical_normal,8.21781855583191,-5.232973213195801,0.09217333362282563,,,,,
99,quantum_shadows,,,,,,,,
99,classical_uniform,16.482275554112025,-12.696952411106654,-0.04047619019235883,,,,,
100,quantum_samples,,,,,,,,
100,classical_normal,9.167268408669365,-5.780436721112993,-0.012000000084905574,,,,,
100,quantum_shadows,,,,,,,,
100,classical_uniform,16.15628535930927,-12.47536039352417,-0.0234871726268186,,,,,
101,quantum_samples,,,,,,,,
101,classical_normal,8.946111361185709,-5.452819645404816,-0.01562962884458506,,,,,
101,quantum_shadows,,,,,,,,
101,classical_uniform,15.235240624501156,-11.474295597810011,-0.0401025632969462,,,,,
102,quantum_samples,,,,,,,,
102,classical_normal,9.471891191270617,-5.968901998466915,0.0018888885194125276,,,,,
102,quantum_shadows,,,,,,,,
102,classical_uniform,15.352485950176533,-11.627627482781044,-0.055282048881053925,,,,,
103,quantum_samples,,,,,,,,
103,classical_normal,9.008304397265116,-5.470782544877794,-0.0010740736227792997,,,,,
103,quantum_shadows,,,,,,,,
103,classical_uniform,16.942892147944523,-13.142952148730938,0.06523076788737224,,,,,
104,quantum_samples,,,,,,,,
104,classical_normal,8.91657390859392,-5.416229837470585,-0.00455555550999836,,,,,
104,quantum_shadows,,,,,,,,
104,classical_uniform,17.16041528261625,-13.178160630739653,0.09169230696100455,,,,,
105,quantum_samples,,,,,,,,
105,classical_normal,8.861644466718039,-5.386268112394545,0.01762962986766878,,,,,
105,quantum_shadows,,,,,,,,
105,classical_uniform,17.656228432288536,-13.634906181922325,0.0631794884102419,,,,,
106,quantum_samples,,,,,,,,
106,classical_normal,8.648519661691454,-5.2148114575280085,-0.013444444977385166,,,,,
106,quantum_shadows,,,,,,,,
106,classical_uniform,15.696103939643272,-11.723903179168701,0.056820512820894904,,,,,
107,quantum_samples,,,,,,,,
107,classical_normal,8.821251855956184,-5.286823974715339,-0.003925925870943401,,,,,
107,quantum_shadows,,,,,,,,
107,classical_uniform,16.009315032225388,-12.094067940345177,0.04225641016203623,,,,,
108,quantum_samples,,,,,,,,
108,classical_normal,8.650101012653774,-5.1840018961164684,0.00225925950669787,,,,,
108,quantum_shadows,,,,,,,,
108,classical_uniform,18.033883736683773,-14.115076872018667,0.026769234655568235,,,,,
109,quantum_samples,,,,,,,,
109,classical_normal,8.800948487387764,-5.462791098488702,0.003962963004596531,,,,,
109,quantum_shadows,,,,,,,,
109,classical_uniform,15.634454085276676,-11.647869880382832,0.09702564102525894,,,,,
110,quantum_samples,,,,,,,,
110,classical_normal,8.599729339281717,-5.140262424945831,0.024296295777377155,,,,,
110,quantum_shadows,,,,,,,,
110,classical_uniform,14.875351766745249,-14.103367328643799,0.14051282280482924,,,,,
111,quantum_samples,,,,,,,,
111,classical_normal,8.697576959927877,-5.241622931427425,0.006481480781480463,,,,,
111,quantum_shadows,,,,,,,,
111,classical_uniform,15.579573924724873,-11.666922936072716,0.12676922597277623,,,,,
112,quantum_samples,,,,,,,,
112,classical_normal,8.744717213842604,-5.371921552552117,0.002555555288886858,,,,,
112,quantum_shadows,,,,,,,,
112,classical_uniform,14.112523922553429,-10.301196941962608,0.1007179468153761,,,,,
113,quantum_samples,,,,,,,,
113,classical_normal,8.676596813731724,-5.1970038414001465,-0.016407408140366897,,,,,
113,quantum_shadows,,,,,,,,
113,classical_uniform,13.476676647479717,-9.638302032764141,-0.11774358955713418,,,,,
114,quantum_samples,,,,,,,,
114,classical_normal,8.773660580317179,-5.286447432306078,-0.00937037051254366,,,,,
114,quantum_shadows,,,,,,,,
114,classical_uniform,13.925032725700966,-10.035707363715538,-0.09364102501422167,,,,,
115,quantum_samples,,,,,,,,
115,classical_normal,8.671383817990622,-5.182323661115435,0.008518519000736652,,,,,
115,quantum_shadows,,,,,,,,
115,classical_uniform,18.026040150569035,-14.167887724362886,-0.06933333524144612,,,,,
116,quantum_samples,,,,,,,,
116,classical_normal,8.64661990574428,-5.354085246721904,-0.0008148147931529416,,,,,
116,quantum_shadows,,,,,,,,
116,classical_uniform,13.237065902123085,-9.490117036379301,-0.0426666670693801,,,,,
117,quantum_samples,,,,,,,,
117,classical_normal,8.699101885159811,-5.296973798010084,0.003111110689739386,,,,,
117,quantum_shadows,,,,,,,,
117,classical_uniform,10.36687889465919,-6.864373537210318,-0.06030769323786864,,,,,
118,quantum_samples,,,,,,,,
118,classical_normal,8.600577486885918,-5.214984403716193,0.01659259360490574,,,,,
118,quantum_shadows,,,,,,,,
118,classical_uniform,11.159299336946928,-7.6914472213158245,-0.07692307718277264,,,,,
119,quantum_samples,,,,,,,,
119,classical_normal,8.710571765899658,-5.301793535550435,-0.0005925926832585699,,,,,
119,quantum_shadows,,,,,,,,
119,classical_uniform,11.352506894331713,-8.013393310400156,0.07958974237911977,,,,,
120,quantum_samples,,,,,,,,
120,classical_normal,8.740607102711996,-5.256022751331329,0.005555555470184317,,,,,
120,quantum_shadows,,,,,,,,
120,classical_uniform,11.77135889346783,-8.298178911209106,0.03374358660613115,,,,,
121,quantum_samples,,,,,,,,
121,classical_normal,8.86223034063975,-5.492831435468462,0.005185185246066087,,,,,
121,quantum_shadows,,,,,,,,
121,classical_uniform,12.368410440591665,-8.81292203756479,0.008205125824763225,,,,,
122,quantum_samples,,,,,,,,
122,classical_normal,8.47324706448449,-5.050125539302826,-0.006851851797869636,,,,,
122,quantum_shadows,,,,,,,,
122,classical_uniform,11.540871913616474,-8.019213896531324,0.06964102430412403,,,,,
123,quantum_samples,,,,,,,,
123,classical_normal,8.540256381034851,-5.097414877679613,-0.0017777767821422054,,,,,
123,quantum_shadows,,,,,,,,
123,classical_uniform,10.57817503122183,-7.177820169008696,0.07661538413510872,,,,,
124,quantum_samples,,,,,,,,
124,classical_normal,8.635237243440416,-5.380590081214905,0.021037037290322285,,,,,
124,quantum_shadows,,,,,,,,
124,classical_uniform,10.839323227222149,-7.469947998340313,0.11435897540874206,,,,,
125,quantum_samples,,,,,,,,
125,classical_normal,8.453878111309475,-5.059553861618042,0.0019629625991607704,,,,,
125,quantum_shadows,,,,,,,,
125,classical_uniform,11.594674807328444,-8.2380339549138,0.12266666495885986,,,,,
126,quantum_samples,,,,,,,,
126,classical_normal,8.476360228326586,-5.023264136579302,0.0023703702285678852,,,,,
126,quantum_shadows,,,,,,,,
126,classical_uniform,13.288275535290058,-9.880147603841928,0.12584615097596094,,,,,
127,quantum_samples,,,,,,,,
127,classical_normal,8.697101169162327,-5.252006524138981,-0.009074073957486285,,,,,
127,quantum_shadows,,,,,,,,
127,classical_uniform,11.831954919374907,-8.340230171497051,0.1315897419475592,,,,,
128,quantum_samples,,,,,,,,
128,classical_normal,8.360332793659634,-4.93899640109804,-0.0005925930422058122,,,,,
128,quantum_shadows,,,,,,,,
128,classical_uniform,11.245686531066895,-7.905137392190786,0.13887179447099182,,,,,
129,quantum_samples,,,,,,,,
129,classical_normal,8.499599152141148,-5.229875048001607,-0.018407407449558377,,,,,
129,quantum_shadows,,,,,,,,
129,classical_uniform,11.044436381413387,-7.559396927173321,-0.052102565120619074,,,,,
130,quantum_samples,,,,,,,,
130,classical_normal,8.4507687886556,-4.998122447066837,0.01107407423572753,,,,,
130,quantum_shadows,,,,,,,,
130,classical_uniform,10.298972569979155,-6.981345781913171,-0.03066666662478103,,,,,
131,quantum_samples,,,,,,,,
131,classical_normal,8.416561961174011,-4.9634168479177685,-0.01574074093433511,,,,,
131,quantum_shadows,,,,,,,,
131,classical_uniform,14.54985816662128,-11.291527307950533,-0.05261538346083118,,,,,
132,quantum_samples,,,,,,,,
132,classical_normal,8.542697694566515,-5.098559465673235,0.008148148338983042,,,,,
132,quantum_shadows,,,,,,,,
132,classical_uniform,13.105300499842716,-9.890685356580294,-0.07230769341381696,,,,,
133,quantum_samples,,,,,,,,
133,classical_normal,8.412327329317728,-4.997319089041816,0.018148148923905358,,,,,
133,quantum_shadows,,,,,,,,
133,classical_uniform,10.538402484013485,-7.472908350137564,-0.07200000019600758,,,,,
134,quantum_samples,,,,,,,,
134,classical_normal,8.591761112213135,-5.2685808936754865,0.012074074281069139,,,,,
134,quantum_shadows,,,,,,,,
134,classical_uniform,10.703968084775484,-7.745977915250338,-0.13025640947027847,,,,,
135,quantum_samples,,,,,,,,
135,classical_normal,8.586365461349487,-5.276140669981639,0.005333333340887394,,,,,
135,quantum_shadows,,,,,,,,
135,classical_uniform,11.414972635415884,-8.460725142405582,-0.10656410061682646,,,,,
136,quantum_samples,,,,,,,,
136,classical_normal,8.453952285978529,-5.095770544475979,0.015629629779141396,,,,,
136,quantum_shadows,,,,,,,,
136,classical_uniform,11.850441969358004,-8.872868629602285,0.12789743307691354,,,,,
137,quantum_samples,,,,,,,,
137,classical_normal,8.917490773730808,-5.447139428721534,0.010666666209645983,,,,,
137,quantum_shadows,,,,,,,,
137,classical_uniform,12.693094968795776,-9.421502883617695,0.08892307609606248,,,,,
138,quantum_samples,,,,,,,,
138,classical_normal,8.473931471506754,-5.131760305828518,0.006370370153389458,,,,,
138,quantum_shadows,,,,,,,,
138,classical_uniform,9.80324283012977,-6.562617540359497,0.09958974042764077,,,,,
139,quantum_samples,,,,,,,,
139,classical_normal,8.4584305551317,-5.043910066286723,0.009370369898129461,,,,,
139,quantum_shadows,,,,,,,,
139,classical_uniform,10.556900978088379,-7.246019106644851,0.11661538592754649,,,,,
140,quantum_samples,,,,,,,,
140,classical_normal,8.693045192294651,-5.202832433912489,-0.0017777777781399589,,,,,
140,quantum_shadows,,,,,,,,
140,classical_uniform,10.11893367767334,-6.800182746006892,0.11107692414393219,,,,,
141,quantum_samples,,,,,,,,
141,classical_normal,8.591026928689745,-5.190798487928179,-0.009185185397250785,,,,,
141,quantum_shadows,,,,,,,,
141,classical_uniform,9.76189112663269,-6.467974974558904,0.1082051305924184,,,,,
142,quantum_samples,,,,,,,,
142,classical_normal,8.459459940592447,-5.03925856616762,-0.005555555673911133,,,,,
142,quantum_shadows,,,,,,,,
142,classical_uniform,10.421901776240421,-7.221005659836989,0.12000000283408624,,,,,
143,quantum_samples,,,,,,,,
143,classical_normal,8.379164510303074,-4.959886146916284,0.014333333732793108,,,,,
143,quantum_shadows,,,,,,,,
143,classical_uniform,11.88498093531682,-8.640449358866764,0.1286153833811673,,,,,
144,quantum_samples,,,,,,,,
144,classical_normal,8.276204731729296,-4.924943970309363,0.01174074060852743,,,,,
144,quantum_shadows,,,,,,,,
144,classical_uniform,10.663920219127949,-7.536232563165518,0.09446153693044415,,,,,
145,quantum_samples,,,,,,,,
145,classical_normal,8.287686294979519,-4.889192296399011,-0.001814814775975214,,,,,
145,quantum_shadows,,,,,,,,
145,classical_uniform,10.597974373744083,-7.6073318628164435,-0.10994871464581826,,,,,
146,quantum_samples,,,,,,,,
146,classical_normal,8.295982321103414,-4.874700586001079,-0.00851851897486658,,,,,
146,quantum_shadows,,,,,,,,
146,classical_uniform,10.056304234724779,-6.941196038172795,-0.09384615160524845,,,,,
147,quantum_samples,,,,,,,,
147,classical_normal,8.257581326696608,-4.873697062333425,-0.006444443676931162,,,,,
147,quantum_shadows,,,,,,,,
147,classical_uniform,12.941956446721004,-9.84110793700585,-0.11723076976919308,,,,,
148,quantum_samples,,,,,,,,
148,classical_normal,8.388768606715733,-4.957477192083995,-0.0007777778729279009,,,,,
148,quantum_shadows,,,,,,,,
148,classical_uniform,14.375144995175875,-11.168518213125376,-0.0989743615142428,,,,,
149,quantum_samples,,,,,,,,
149,classical_normal,8.364989015791151,-4.924738148848216,0.006666666452979876,,,,,
149,quantum_shadows,,,,,,,,
149,classical_uniform,9.912964233985313,-6.50641210262592,-0.1137435896984803,,,,,
150,quantum_samples,,,,,,,,
150,classical_normal,8.410063240263197,-5.035043610466851,-0.010629629593394283,,,,,
150,quantum_shadows,,,,,,,,
150,classical_uniform,9.96995790188129,-6.724722972282996,-0.13558974023012874,,,,,
151,quantum_samples,,,,,,,,
151,classical_normal,8.321445451842415,-4.911408265431722,0.0015555560110240346,,,,,
151,quantum_shadows,,,,,,,,
151,classical_uniform,9.939097037682167,-6.837900932018574,-0.08635897608473897,,,,,
152,quantum_samples,,,,,,,,
152,classical_normal,8.411510242356194,-5.011307418346405,0.011259259293890662,,,,,
152,quantum_shadows,,,,,,,,
152,classical_uniform,10.108547834249643,-6.880107329441951,0.09302564213374773,,,,,
153,quantum_samples,,,,,,,,
153,classical_normal,8.10660884115431,-4.731451915370093,-0.0004074069373827014,,,,,
153,quantum_shadows,,,,,,,,
153,classical_uniform,9.566688060760498,-6.324493756661048,0.10912820589370452,,,,,
154,quantum_samples,,,,,,,,
154,classical_normal,8.225779864523146,-4.857619987593757,0.006370370331246199,,,,,
154,quantum_shadows,,,,,,,,
154,classical_uniform,9.132826364957369,-5.985248914131751,0.07907692171060123,,,,,
155,quantum_samples,,,,,,,,
155,classical_normal,8.244826078414917,-4.800937586360508,-0.025333333941590454,,,,,
155,quantum_shadows,,,,,,,,
155,classical_uniform,9.188265837155855,-5.932457318672767,0.058871793674114034,,,,,
156,quantum_samples,,,,,,,,
156,classical_normal,8.209643483161926,-4.800182825989193,0.0009629628491691417,,,,,
156,quantum_shadows,,,,,,,,
156,classical_uniform,9.288851151099571,-5.979947053469145,0.050666665443434164,,,,,
157,quantum_samples,,,,,,,,
157,classical_normal,8.137354440159267,-4.721164590782589,-0.0030370375219111643,,,,,
157,quantum_shadows,,,,,,,,
157,classical_uniform,10.346229351483858,-7.072671413421631,0.07343589811800764,,,,,
158,quantum_samples,,,,,,,,
158,classical_normal,8.331106728977627,-4.863117429945204,-0.014555555073052851,,,,,
158,quantum_shadows,,,,,,,,
158,classical_uniform,9.394004528339092,-6.1339315084310675,0.08061538471911962,,,,,
159,quantum_samples,,,,,,,,
159,classical_normal,8.147475918134054,-4.752487421035767,0.0057777782074279254,,,,,
159,quantum_shadows,,,,,,,,
159,classical_uniform,9.180472997518686,-5.930982626401461,0.07312820400469579,,,,,
160,quantum_samples,,,,,,,,
160,classical_normal,8.139253377914429,-4.722962293359968,0.01055555517733511,,,,,
160,quantum_shadows,,,,,,,,
160,classical_uniform,8.971010061410757,-5.865166058907142,0.057538461298323594,,,,,
161,quantum_samples,,,,,,,,
161,classical_normal,8.286420610215929,-4.840386801295811,-0.010629629444641372,,,,,
161,quantum_shadows,,,,,,,,
161,classical_uniform,9.346996307373047,-6.348758128973154,0.062051281762810856,,,,,
162,quantum_samples,,,,,,,,
162,classical_normal,8.23744621541765,-4.780798958407508,-0.013185185522565411,,,,,
162,quantum_shadows,,,,,,,,
162,classical_uniform,9.714645642500658,-6.669326103650606,0.032307692982542977,,,,,
163,quantum_samples,,,,,,,,
163,classical_normal,8.322039074367947,-4.8754039075639515,-0.0034444442102944273,,,,,
163,quantum_shadows,,,,,,,,
163,classical_uniform,9.238997496091402,-6.175182507588313,-0.09538461610030097,,,,,
164,quantum_samples,,,,,,,,
164,classical_normal,8.31272139814165,-4.86142662498686,0.005444445026417573,,,,,
164,quantum_shadows,,,,,,,,
164,classical_uniform,10.091417165902945,-7.002059331307044,-0.10235897365670937,,,,,
165,quantum_samples,,,,,,,,
165,classical_normal,8.393217192755806,-4.912052512168884,-0.015740741167165753,,,,,
165,quantum_shadows,,,,,,,,
165,classical_uniform,18.066953108860897,-14.685023821317232,-0.09107692282682714,,,,,
166,quantum_samples,,,,,,,,
166,classical_normal,8.278722643852234,-4.884470462799072,-0.003888889146899736,,,,,
166,quantum_shadows,,,,,,,,
166,classical_uniform,12.34965702203604,-9.017632777874287,-0.08841025669915745,,,,,
167,quantum_samples,,,,,,,,
167,classical_normal,8.141449597146776,-4.768966886732313,-0.015111110474983298,,,,,
167,quantum_shadows,,,,,,,,
167,classical_uniform,9.876336391155537,-6.695050881459163,-0.09405128120516355,,,,,
168,quantum_samples,,,,,,,,
168,classical_normal,8.539917045169407,-5.358942707379659,-0.006888889329275116,,,,,
168,quantum_shadows,,,,,,,,
168,classical_uniform,9.63534556902372,-6.465106854071984,-0.08533333327907783,,,,,
169,quantum_samples,,,,,,,,
169,classical_normal,8.292739960882399,-4.950014743540022,0.014740740634604461,,,,,
169,quantum_shadows,,,,,,,,
169,classical_uniform,9.569834305689884,-6.554162135491004,-0.07866666584204023,,,,,
170,quantum_samples,,,,,,,,
170,classical_normal,8.2905156744851,-4.941086444589827,0.00303703698510718,,,,,
170,quantum_shadows,,,,,,,,
170,classical_uniform,9.05559620490441,-6.14327177634606,0.07456410282219832,,,,,
171,quantum_samples,,,,,,,,
171,classical_normal,8.167088932461208,-4.805871261490716,0.029814813906947773,,,,,
171,quantum_shadows,,,,,,,,
171,classical_uniform,8.137464468295757,-5.143828281989465,0.06430769238907558,,,,,
172,quantum_samples,,,,,,,,
172,classical_normal,8.148654023806253,-4.752675341235267,0.018333333428017795,,,,,
172,quantum_shadows,,,,,,,,
172,classical_uniform,8.921355210817778,-5.802820774225088,0.07035897378451549,,,,,
173,quantum_samples,,,,,,,,
173,classical_normal,8.000525448057386,-4.637493915028042,-0.005148147722206043,,,,,
173,quantum_shadows,,,,,,,,
173,classical_uniform,9.322251796722412,-6.191719733751738,0.050974358535873204,,,,,
174,quantum_samples,,,,,,,,
174,classical_normal,8.074129899342855,-4.6715949177742,0.018000000444266737,,,,,
174,quantum_shadows,,,,,,,,
174,classical_uniform,8.85428967842689,-5.6879694645221415,0.061128205655572504,,,,,
175,quantum_samples,,,,,,,,
175,classical_normal,8.08506899409824,-4.680243962340885,0.0023333336985497575,,,,,
175,quantum_shadows,,,,,,,,
175,classical_uniform,9.200031482256376,-6.0459755934201755,0.060205127900609605,,,,,
176,quantum_samples,,,,,,,,
176,classical_normal,8.074857102500069,-4.649792379803127,0.0028888884698972106,,,,,
176,quantum_shadows,,,,,,,,
176,classical_uniform,8.74695741213285,-5.696380413495577,0.08143589728905891,,,,,
177,quantum_samples,,,,,,,,
177,classical_normal,8.088113175498115,-4.690368632475535,0.038370370998530204,,,,,
177,quantum_shadows,,,,,,,,
177,classical_uniform,8.529144030350905,-5.491680071904109,0.060205128688651785,,,,,
178,quantum_samples,,,,,,,,
178,classical_normal,8.035544594128927,-4.654740068647596,-0.007481481155587567,,,,,
178,quantum_shadows,,,,,,,,
178,classical_uniform,8.432210262005146,-5.55412116417518,0.06287179640136085,,,,,
179,quantum_samples,,,,,,,,
179,classical_normal,8.199639015727573,-4.81789102156957,0.008555555463923762,,,,,
179,quantum_shadows,,,,,,,,
179,classical_uniform,8.309440356034498,-5.390172151418833,0.07384615374478297,,,,,
180,quantum_samples,,,,,,,,
180,classical_normal,8.069207906723022,-4.667846918106079,-0.020777777848437567,,,,,
180,quantum_shadows,,,,,,,,
180,classical_uniform,8.712174158829908,-5.703375357847947,0.0823589744977653,,,,,
181,quantum_samples,,,,,,,,
181,classical_normal,8.045865469508701,-4.687846554650201,-0.004888888868865454,,,,,
181,quantum_shadows,,,,,,,,
181,classical_uniform,8.382949425623966,-5.4581732749938965,-0.09497435842282496,,,,,
182,quantum_samples,,,,,,,,
182,classical_normal,8.17761022514767,-4.802817324797313,0.0026296303646328547,,,,,
182,quantum_shadows,,,,,,,,
182,classical_uniform,8.037969827651978,-5.011370823933528,-0.07723076870808235,,,,,
183,quantum_samples,,,,,,,,
183,classical_normal,7.99574355284373,-4.606641590595245,0.012296296350002565,,,,,
183,quantum_shadows,,,,,,,,
183,classical_uniform,10.033506430112398,-6.826931770031269,-0.1032820507669105,,,,,
184,quantum_samples,,,,,,,,
184,classical_normal,7.995092709859212,-4.607733984788259,0.009703703224658966,,,,,
184,quantum_shadows,,,,,,,,
184,classical_uniform,12.554901416485126,-9.46087725345905,-0.08225640969780776,,,,,
185,quantum_samples,,,,,,,,
185,classical_normal,8.034436384836832,-4.724922041098277,0.01874074105742491,,,,,
185,quantum_shadows,,,,,,,,
185,classical_uniform,9.025054161365215,-5.923915679638203,-0.07076923022619806,,,,,
186,quantum_samples,,,,,,,,
186,classical_normal,8.132214069366455,-4.775477475590176,0.017666666994854394,,,,,
186,quantum_shadows,,,,,,,,
186,classical_uniform,8.218765313808735,-5.112513138697698,-0.06789743574336171,,,,,
187,quantum_samples,,,,,,,,
187,classical_normal,8.164891057544285,-4.7909934586948815,-0.01255555598375698,,,,,
187,quantum_shadows,,,,,,,,
187,classical_uniform,8.439941773047813,-5.413463134032029,-0.06964102507425615,,,,,
188,quantum_samples,,,,,,,,
188,classical_normal,8.477617449230618,-5.007300125228034,-0.019407407716951437,,,,,
188,quantum_shadows,,,,,,,,
188,classical_uniform,8.220896244049072,-5.429773697486291,-0.07251281986156335,,,,,
189,quantum_samples,,,,,,,,
189,classical_normal,8.105571786562601,-4.694358209768931,-0.00022222256262062324,,,,,
189,quantum_shadows,,,,,,,,
189,classical_uniform,9.047674142397367,-6.142024443699763,0.04194871980983477,,,,,
190,quantum_samples,,,,,,,,
190,classical_normal,8.003287275632223,-4.635272363821666,-0.0112222226194313,,,,,
190,quantum_shadows,,,,,,,,
190,classical_uniform,7.674186413104717,-4.674375570737398,0.06882051321176383,,,,,
191,quantum_samples,,,,,,,,
191,classical_normal,8.073174979951647,-4.700834373633067,0.011185184839026382,,,,,
191,quantum_shadows,,,,,,,,
191,classical_uniform,8.149793844956617,-5.186571818131667,0.07343589682848407,,,,,
192,quantum_samples,,,,,,,,
192,classical_normal,8.070094148317972,-4.680959992938572,-0.007851852306716697,,,,,
192,quantum_shadows,,,,,,,,
192,classical_uniform,11.173752601330097,-8.018390031961294,0.07189743519903949,,,,,
193,quantum_samples,,,,,,,,
193,classical_normal,8.112161093287998,-4.7372715142038135,-0.0005555557759685649,,,,,
193,quantum_shadows,,,,,,,,
193,classical_uniform,10.23756217956543,-7.126408742024348,0.0830769226528131,,,,,
194,quantum_samples,,,,,,,,
194,classical_normal,8.252528813150194,-4.8426975342962475,-0.003962963091908023,,,,,
194,quantum_shadows,,,,,,,,
194,classical_uniform,8.078211344205416,-5.102412957411546,0.0680000007761499,,,,,
195,quantum_samples,,,,,,,,
195,classical_normal,8.102151486608717,-4.685100356737773,-0.008148147960633246,,,,,
195,quantum_shadows,,,,,,,,
195,classical_uniform,7.906508060602041,-5.055784005385179,0.09507692318696243,,,,,
196,quantum_samples,,,,,,,,
196,classical_normal,7.905293623606364,-4.593698766496447,0.006259259137247379,,,,,
196,quantum_shadows,,,,,,,,
196,classical_uniform,8.04929469181941,-5.0159998673659105,0.08810256310523702,,,,,
197,quantum_samples,,,,,,,,
197,classical_normal,8.059456176227993,-4.713148242897457,-0.0014444443966365522,,,,,
197,quantum_shadows,,,,,,,,
197,classical_uniform,8.32820910673875,-5.234216396625225,0.07774359016464306,,,,,
198,quantum_samples,,,,,,,,
198,classical_normal,7.901431414816114,-4.58345627784729,0.012185185381288951,,,,,
198,quantum_shadows,,,,,,,,
198,classical_uniform,8.100066845233624,-5.270938029656043,0.06461538521286386,,,,,
199,quantum_samples,,,,,,,,
199,classical_normal,7.964024464289348,-4.603234357304043,-0.004148147932331388,,,,,
199,quantum_shadows,,,,,,,,
199,classical_uniform,8.097337869497446,-5.190313339233398,0.08030769209234187,,,,,
200,quantum_samples,,,,,,,,
200,classical_normal,6.983920955657959,-4.255127795537313,-0.016711111242572466,,,,,
200,quantum_shadows,,,,,,,,
200,classical_uniform,8.610336193671593,-5.62669038772583,-0.04974358926455562,,,,,
201,quantum_samples,,,,,,,,
201,classical_normal,7.173976389567057,-4.384528398513794,0.01688888988768061,,,,,
201,quantum_shadows,,,,,,,,
201,classical_uniform,7.654582977294922,-4.671736112007728,-0.065846154322991,,,,,
202,quantum_samples,,,,,,,,
202,classical_normal,7.1437170028686525,-4.404040273030599,-0.029599999667455752,,,,,
202,quantum_shadows,,,,,,,,
202,classical_uniform,11.006017501537617,-7.941347177212055,-0.09148717970133591,,,,,
203,quantum_samples,,,,,,,,
203,classical_normal,7.182719898223877,-4.437334807713826,0.02426666719838977,,,,,
203,quantum_shadows,,,,,,,,
203,classical_uniform,15.881608779613789,-12.692872029084425,-0.07702564204541537,,,,,
204,quantum_samples,,,,,,,,
204,classical_normal,7.199724992116292,-4.44114990234375,-0.02435555544992288,,,,,
204,quantum_shadows,,,,,,,,
204,classical_uniform,9.623230970822847,-6.6241885515359735,-0.0738461549537113,,,,,
205,quantum_samples,,,,,,,,
205,classical_normal,7.309862422943115,-4.546312681833903,0.04799999929964542,,,,,
205,quantum_shadows,,,,,,,,
205,classical_uniform,7.847814688315759,-4.757323411794809,-0.0775384612214298,,,,,
206,quantum_samples,,,,,,,,
206,classical_normal,7.017384847005208,-4.25997740427653,0.023466665064916015,,,,,
206,quantum_shadows,,,,,,,,
206,classical_uniform,8.238776683807373,-5.170863041510949,-0.08697435900998804,,,,,
207,quantum_samples,,,,,,,,
207,classical_normal,7.181290785471599,-4.454351361592611,-0.016800000650497773,,,,,
207,quantum_shadows,,,,,,,,
207,classical_uniform,8.812326137836163,-5.99527305823106,-0.08707692345174459,,,,,
208,quantum_samples,,,,,,,,
208,classical_normal,7.275863838195801,-4.471437199910482,-0.017777778021991254,,,,,
208,quantum_shadows,,,,,,,,
208,classical_uniform,8.64735379585853,-5.7214833589700556,0.06441025607861005,,,,,
209,quantum_samples,,,,,,,,
209,classical_normal,7.773325188954671,-4.862067413330078,-0.0068444455973804,,,,,
209,quantum_shadows,,,,,,,,
209,classical_uniform,8.109600067138672,-5.068103735263531,0.06010256571551928,,,,,
210,quantum_samples,,,,,,,,
210,classical_normal,7.074890740712484,-4.271142943700155,0.015377778195155163,,,,,
210,quantum_shadows,,,,,,,,
210,classical_uniform,8.34001902433542,-5.253857337511503,0.08430769267635277,,,,,
211,quantum_samples,,,,,,,,
211,classical_normal,7.063497924804688,-4.324741951624552,-0.002311110473237932,,,,,
211,quantum_shadows,,,,,,,,
211,classical_uniform,8.683708777794472,-5.451430559158325,0.087282052430778,,,,,
212,quantum_samples,,,,,,,,
212,classical_normal,7.247334416707357,-4.447348403930664,-0.0072888891523083055,,,,,
212,quantum_shadows,,,,,,,,
212,classical_uniform,8.453669144557072,-5.330583865825947,0.08317948734531036,,,,,
213,quantum_samples,,,,,,,,
213,classical_normal,7.295776716868082,-4.535153754552206,-0.008533333785211046,,,,,
213,quantum_shadows,,,,,,,,
213,classical_uniform,7.593649295660166,-4.6425643517420845,0.07917948708368036,,,,,
214,quantum_samples,,,,,,,,
214,classical_normal,7.319209384918213,-4.50972728729248,-0.007733333172897498,,,,,
214,quantum_shadows,,,,,,,,
214,classical_uniform,7.734047174453735,-4.7462663650512695,0.10666666545260411,,,,,
215,quantum_samples,,,,,,,,
215,classical_normal,7.4388428370157875,-4.608670457204183,0.005422222606527308,,,,,
215,quantum_shadows,,,,,,,,
215,classical_uniform,7.586590436788706,-4.569081123058613,0.09025641154641142,,,,,
216,quantum_samples,,,,,,,,
216,classical_normal,7.488447570800782,-4.643518098195394,0.0076444447661439575,,,,,
216,quantum_shadows,,,,,,,,
216,classical_uniform,7.416962788655208,-4.383582463631263,0.06133333378686355,,,,,
217,quantum_samples,,,,,,,,
217,classical_normal,7.45475746790568,-4.629385312398274,0.0044444448004166285,,,,,
217,quantum_shadows,,,,,,,,
217,classical_uniform,7.742069996320284,-4.776219679759099,0.07446153838044176,,,,,
218,quantum_samples,,,,,,,,
218,classical_normal,7.65839630762736,-4.779911263783773,-0.007111109793186188,,,,,
218,quantum_shadows,,,,,,,,
218,classical_uniform,7.624404980586125,-4.6939912209144,0.08923076942133215,,,,,
219,quantum_samples,,,,,,,,
219,classical_normal,7.545932737986247,-4.752968613306681,0.04462222158908844,,,,,
219,quantum_shadows,,,,,,,,
219,classical_uniform,8.596227095677303,-5.595480900544387,0.06523076982165758,,,,,
220,quantum_samples,,,,,,,,
220,classical_normal,7.6227803230285645,-4.789071766535441,-0.004977778593699137,,,,,
220,quantum_shadows,,,,,,,,
220,classical_uniform,9.393479824066162,-6.608194846373338,0.14369230810552835,,,,,
221,quantum_samples,,,,,,,,
221,classical_normal,7.218343766530355,-4.4080939133962,0.03564444395403067,,,,,
221,quantum_shadows,,,,,,,,
221,classical_uniform,7.1192055848928595,-4.288094557248629,-0.0018461539696615476,,,,,
222,quantum_samples,,,,,,,,
222,classical_normal,7.125209204355875,-4.343063751856486,0.003377777612250721,,,,,
222,quantum_shadows,,,,,,,,
222,classical_uniform,9.946972663585957,-6.922019041501558,-0.07835897473761669,,,,,
223,quantum_samples,,,,,,,,
223,classical_normal,7.298488934834798,-4.51055334409078,0.04026666656136513,,,,,
223,quantum_shadows,,,,,,,,
223,classical_uniform,15.215602214519794,-12.168584951987633,-0.15302564058667764,,,,,
224,quantum_samples,,,,,,,,
224,classical_normal,7.117168235778808,-4.296988391876221,0.03217777881460885,,,,,
224,quantum_shadows,,,,,,,,
224,classical_uniform,10.284733772277832,-7.319916725158691,-0.147897435996968,,,,,
225,quantum_samples,,,,,,,,
225,classical_normal,7.2138351122538245,-4.433283567428589,0.001688889010498921,,,,,
225,quantum_shadows,,,,,,,,
225,classical_uniform,8.221060551129854,-5.290318874212412,-0.15107692276629117,,,,,
226,quantum_samples,,,,,,,,
226,classical_normal,7.037770207722982,-4.248321453730266,0.06035555514196555,,,,,
226,quantum_shadows,,,,,,,,
226,classical_uniform,9.540313097146841,-6.629380519573505,-0.08287179472450264,,,,,
227,quantum_samples,,,,,,,,
227,classical_normal,7.339252662658692,-4.846619081497193,0.016711110901087522,,,,,
227,quantum_shadows,,,,,,,,
227,classical_uniform,8.641443472642164,-5.800820937523475,-0.06902564080575338,,,,,
228,quantum_samples,,,,,,,,
228,classical_normal,7.416722583770752,-4.7867801507314045,0.013422222171599666,,,,,
228,quantum_shadows,,,,,,,,
228,classical_uniform,8.675609992100643,-5.910746501042293,-0.07261538421973968,,,,,
229,quantum_samples,,,,,,,,
229,classical_normal,7.15039275487264,-4.345112768809001,-0.001777777758737405,,,,,
229,quantum_shadows,,,,,,,,
229,classical_uniform,8.010365999661959,-5.023014325361985,0.08543589695070225,,,,,
230,quantum_samples,,,,,,,,
230,classical_normal,7.45417153040568,-4.983637523651123,0.02311111243907362,,,,,
230,quantum_shadows,,,,,,,,
230,classical_uniform,7.878943149860088,-4.842200829432561,0.08235897369778308,,,,,
231,quantum_samples,,,,,,,,
231,classical_normal,7.16116730372111,-4.373896265029908,-0.0006222225570430376,,,,,
231,quantum_shadows,,,,,,,,
231,classical_uniform,9.070663928985596,-6.152449937967154,0.08410256499281296,,,,,
232,quantum_samples,,,,,,,,
232,classical_normal,7.309642759958903,-4.467092116673787,0.02862222332817813,,,,,
232,quantum_shadows,,,,,,,,
232,classical_uniform,9.425137409797081,-6.392723725392268,0.09938461655894151,,,,,
233,quantum_samples,,,,,,,,
233,classical_normal,7.1694079081217446,-4.308004315694173,-0.00399999941388766,,,,,
233,quantum_shadows,,,,,,,,
233,classical_uniform,8.080854379213774,-5.033514041167039,0.09548718124054946,,,,,
234,quantum_samples,,,,,,,,
234,classical_normal,7.234538968404134,-4.381286875406901,-0.004355555213987827,,,,,
234,quantum_shadows,,,,,,,,
234,classical_uniform,7.784466688449566,-4.7794569088862495,0.07548718097118232,,,,,
235,quantum_samples,,,,,,,,
235,classical_normal,7.313601112365722,-4.463243373235067,0.02177777818093697,,,,,
235,quantum_shadows,,,,,,,,
235,classical_uniform,7.291316766005296,-4.412432047036978,0.08399999996002477,,,,,
236,quantum_samples,,,,,,,,
236,classical_normal,7.159556293487549,-4.348419189453125,0.03644444414724906,,,,,
236,quantum_shadows,,,,,,,,
236,classical_uniform,7.552878636580247,-4.591144726826594,0.09302564248299369,,,,,
237,quantum_samples,,,,,,,,
237,classical_normal,7.336192830403646,-4.575104999542236,-0.0367999995748202,,,,,
237,quantum_shadows,,,,,,,,
237,classical_uniform,8.031155586242676,-4.98636242059561,0.08369230715414652,,,,,
238,quantum_samples,,,,,,,,
238,classical_normal,7.46833381652832,-4.590179904301961,0.035822221140066786,,,,,
238,quantum_shadows,,,,,,,,
238,classical_uniform,8.613801405980038,-5.596841041858379,0.08441025710019928,,,,,
239,quantum_samples,,,,,,,,
239,classical_normal,7.477867825826009,-4.5840714772542315,-0.0056000010420878725,,,,,
239,quantum_shadows,,,,,,,,
239,classical_uniform,8.319035566770113,-5.379417547812829,0.10317948742363697,,,,,
240,quantum_samples,,,,,,,,
240,classical_normal,7.3472423871358234,-4.508719746271769,-0.021333333467029862,,,,,
240,quantum_shadows,,,,,,,,
240,classical_uniform,8.270833877416758,-5.304213413825402,-0.059692308545494684,,,,,
241,quantum_samples,,,,,,,,
241,classical_normal,7.297009531656901,-4.495864979426066,-0.010933333029970526,,,,,
241,quantum_shadows,,,,,,,,
241,classical_uniform,8.284248131972094,-5.307524644411528,-0.0771282063707566,,,,,
242,quantum_samples,,,,,,,,
242,classical_normal,7.3481774965922035,-4.592847792307536,-0.008177777783324321,,,,,
242,quantum_shadows,,,,,,,,
242,classical_uniform,9.590613805330717,-6.646320324677688,-0.050256409467412874,,,,,
243,quantum_samples,,,,,,,,
243,classical_normal,7.337627442677816,-4.579320939381917,-0.051022221148014066,,,,,
243,quantum_shadows,,,,,,,,
243,classical_uniform,8.723132170163668,-5.740952950257522,-0.05282051359804777,,,,,
244,quantum_samples,,,,,,,,
244,classical_normal,7.245243485768636,-4.518025239308675,0.01608889013942745,,,,,
244,quantum_shadows,,,,,,,,
244,classical_uniform,7.112036760036762,-4.153483500847449,-0.06492307662175825,,,,,
245,quantum_samples,,,,,,,,
245,classical_normal,7.298032442728679,-4.512770620981852,0.03013333442310492,,,,,
245,quantum_shadows,,,,,,,,
245,classical_uniform,6.971414144222553,-4.10404843550462,-0.06328205076547769,,,,,
246,quantum_samples,,,,,,,,
246,classical_normal,7.344039249420166,-4.489203103383383,0.010933334395910302,,,,,
246,quantum_shadows,,,,,,,,
246,classical_uniform,7.816836613875169,-4.8312249550452595,-0.06256410323728162,,,,,
247,quantum_samples,,,,,,,,
247,classical_normal,7.1213325500488285,-4.408549880981445,0.0436444432164232,,,,,
247,quantum_shadows,,,,,,,,
247,classical_uniform,8.191225528717041,-5.272652864456177,-0.0775384626422937,,,,,
248,quantum_samples,,,,,,,,
248,classical_normal,7.337389246622721,-4.760201819737753,0.0237333332395388,,,,,
248,quantum_shadows,,,,,,,,
248,classical_uniform,8.978141161111685,-6.075310120215783,-0.06553846096190122,,,,,
249,quantum_samples,,,,,,,,
249,classical_normal,7.171151987711588,-4.336478741963704,-0.0059555559574315945,,,,,
249,quantum_shadows,,,,,,,,
249,classical_uniform,8.95016934321477,-6.06617914713346,-0.07548717923987752,,,,,
250,quantum_samples,,,,,,,,
250,classical_normal,7.432814884185791,-4.895915110905965,0.0010666662206252416,,,,,
250,quantum_shadows,,,,,,,,
250,classical_uniform,8.083279793079083,-5.154363613862258,0.08328205132140563,,,,,
251,quantum_samples,,,,,,,,
251,classical_normal,7.195733420054117,-4.471944459279379,0.021688890172582524,,,,,
251,quantum_shadows,,,,,,,,
251,classical_uniform,7.2048576061542215,-4.212657268230732,0.08102564012201932,,,,,
252,quantum_samples,,,,,,,,
252,classical_normal,7.207588577270508,-4.415676418940226,0.03537777792662382,,,,,
252,quantum_shadows,,,,,,,,
252,classical_uniform,9.633532010591948,-6.560596631123469,0.09682051275068751,,,,,
253,quantum_samples,,,,,,,,
253,classical_normal,7.106395689646403,-4.380883852640788,-0.02097777764623364,,,,,
253,quantum_shadows,,,,,,,,
253,classical_uniform,11.658897950099064,-8.574506576244648,0.0908717976238292,,,,,
254,quantum_samples,,,,,,,,
254,classical_normal,7.221121660868326,-4.528877941767375,0.002933332199851672,,,,,
254,quantum_shadows,,,,,,,,
254,classical_uniform,9.27795879657452,-6.159570272152241,0.07917948848066422,,,,,
255,quantum_samples,,,,,,,,
255,classical_normal,7.138703441619873,-4.323922443389892,0.029600000257293382,,,,,
255,quantum_shadows,,,,,,,,
255,classical_uniform,9.074980479020338,-5.949392006947444,0.10502564054555617,,,,,
256,quantum_samples,,,,,,,,
256,classical_normal,7.364770730336507,-4.571036545435588,0.003288888062040011,,,,,
256,quantum_shadows,,,,,,,,
256,classical_uniform,8.549046553098238,-5.6425754473759575,-0.0024615393575424184,,,,,
257,quantum_samples,,,,,,,,
257,classical_normal,7.144399293263754,-4.248059876759847,0.0050666668762763345,,,,,
257,quantum_shadows,,,,,,,,
257,classical_uniform,8.17944884300232,-5.375827936025766,0.02348718049828536,,,,,
258,quantum_samples,,,,,,,,
258,classical_normal,7.189385732014974,-4.274748102823893,-0.019288888263205687,,,,,
258,quantum_shadows,,,,,,,,
258,classical_uniform,8.444298817561222,-5.707801708808312,-0.0005128215282009199,,,,,
259,quantum_samples,,,,,,,,
259,classical_normal,7.307970492045085,-4.454446013768514,-0.019022222763548296,,,,,
259,quantum_shadows,,,,,,,,
259,classical_uniform,8.479491050426777,-5.825693167172945,0.007076922732477005,,,,,
260,quantum_samples,,,,,,,,
260,classical_normal,7.296488412221273,-4.371003818511963,0.0027555556346972785,,,,,
260,quantum_shadows,,,,,,,,
260,classical_uniform,9.224874313061054,-6.536433476668138,-0.00892307605737677,,,,,
261,quantum_samples,,,,,,,,
261,classical_normal,7.817558924357097,-4.781573788324992,0.01928888891513149,,,,,
261,quantum_shadows,,,,,,,,
261,classical_uniform,8.361716802303608,-5.678263645905715,-0.03528205276681827,,,,,
262,quantum_samples,,,,,,,,
262,classical_normal,7.322126197814941,-4.451502418518066,-0.008177777814368407,,,,,
262,quantum_shadows,,,,,,,,
262,classical_uniform,9.091930866241455,-6.152255278367263,0.014256410157451263,,,,,
263,quantum_samples,,,,,,,,
263,classical_normal,7.389786148071289,-4.515930255254109,0.010666666785255075,,,,,
263,quantum_shadows,,,,,,,,
263,classical_uniform,18.340858166034405,-15.339851911251362,-0.01856410252646758,,,,,
264,quantum_samples,,,,,,,,
264,classical_normal,7.556807931264242,-4.672400824228922,0.0008888886931041877,,,,,
264,quantum_shadows,,,,,,,,
264,classical_uniform,14.271978745093712,-11.525723714094896,-0.12553846112524086,,,,,
265,quantum_samples,,,,,,,,
265,classical_normal,7.718079058329264,-4.758743254343669,0.006666667511065801,,,,,
265,quantum_shadows,,,,,,,,
265,classical_uniform,7.867832734034612,-5.173466040537908,-0.15312820505529928,,,,,
266,quantum_samples,,,,,,,,
266,classical_normal,8.129770882924397,-5.3858950932820635,-0.013333333718279997,,,,,
266,quantum_shadows,,,,,,,,
266,classical_uniform,7.454810078327473,-4.811606939022358,-0.048205129408205934,,,,,
267,quantum_samples,,,,,,,,
267,classical_normal,7.497121206919352,-4.549047040939331,0.0051555562143524485,,,,,
267,quantum_shadows,,,,,,,,
267,classical_uniform,7.967904494358943,-5.195549726486206,0.000923076465439338,,,,,
268,quantum_samples,,,,,,,,
268,classical_normal,7.474013137817383,-4.570929702123006,0.018311110992605486,,,,,
268,quantum_shadows,,,,,,,,
268,classical_uniform,8.904621344346266,-6.063667205663828,0.00533333349113281,,,,,
269,quantum_samples,,,,,,,,
269,classical_normal,7.245141283671061,-4.326064761479696,-0.048977780155837536,,,,,
269,quantum_shadows,,,,,,,,
269,classical_uniform,8.017054521120512,-5.408206334480872,0.16635897368765795,,,,,
270,quantum_samples,,,,,,,,
270,classical_normal,7.405367120107015,-4.590920527776082,0.01671111099421978,,,,,
270,quantum_shadows,,,,,,,,
270,classical_uniform,7.7339786016024075,-5.114178382433378,0.0588717944203661,,,,,
271,quantum_samples,,,,,,,,
271,classical_normal,7.216976229349772,-4.33242138226827,0.003822222253721619,,,,,
271,quantum_shadows,,,,,,,,
271,classical_uniform,6.943498116273147,-4.131664789639986,0.007487180141302256,,,,,
272,quantum_samples,,,,,,,,
272,classical_normal,7.101738198598226,-4.2981694857279455,-0.00888888817280531,,,,,
272,quantum_shadows,,,,,,,,
272,classical_uniform,7.2034993171691895,-4.502456940137423,0.011076923692598939,,,,,
273,quantum_samples,,,,,,,,
273,classical_normal,7.077567545572917,-4.247523705164592,-0.017155554533625644,,,,,
273,quantum_shadows,,,,,,,,
273,classical_uniform,7.275987019905677,-4.506912084726187,0.15610256379183668,,,,,
274,quantum_samples,,,,,,,,
274,classical_normal,7.113790829976399,-4.370770374933879,-0.0062222218451400595,,,,,
274,quantum_shadows,,,,,,,,
274,classical_uniform,8.033523449530968,-5.212709188461304,0.16369230909129748,,,,,
275,quantum_samples,,,,,,,,
275,classical_normal,7.336431312561035,-4.559287579854329,-0.0001777779000500838,,,,,
275,quantum_shadows,,,,,,,,
275,classical_uniform,7.388814430970412,-4.731477352289053,0.07302564069724236,,,,,
276,quantum_samples,,,,,,,,
276,classical_normal,7.175856208801269,-4.320561758677164,0.008088889407614867,,,,,
276,quantum_shadows,,,,,,,,
276,classical_uniform,7.237773675184983,-4.553472188802866,0.07025641071586274,,,,,
277,quantum_samples,,,,,,,,
277,classical_normal,7.093431727091471,-4.271832195917765,0.002933333607183562,,,,,
277,quantum_shadows,,,,,,,,
277,classical_uniform,7.248249750870925,-4.398401553814228,0.07794871883323559,,,,,
278,quantum_samples,,,,,,,,
278,classical_normal,7.116374365488688,-4.3003260612487795,0.019555556176540752,,,,,
278,quantum_shadows,,,,,,,,
278,classical_uniform,7.112696262506338,-4.346998269741352,0.05394871848133894,,,,,
279,quantum_samples,,,,,,,,
279,classical_normal,7.323737271626791,-4.462583700815837,-0.007733333172897498,,,,,
279,quantum_shadows,,,,,,,,
279,classical_uniform,7.501379416539119,-4.800001547886775,0.06974359050106543,,,,,
280,quantum_samples,,,,,,,,
280,classical_normal,7.25031057993571,-4.411059109369914,0.018844444708277782,,,,,
280,quantum_shadows,,,,,,,,
280,classical_uniform,7.682760275327242,-4.907816648483276,0.07610256414717206,,,,,
281,quantum_samples,,,,,,,,
281,classical_normal,7.345464293162028,-4.4505948702494305,0.037155556865036486,,,,,
281,quantum_shadows,,,,,,,,
281,classical_uniform,8.220928485576923,-5.546177313877986,0.07312820574197058,,,,,
282,quantum_samples,,,,,,,,
282,classical_normal,7.17174285252889,-4.286323197682699,0.001688888669013977,,,,,
282,quantum_shadows,,,,,,,,
282,classical_uniform,7.444933836276714,-4.861867446165818,-0.07774358959152149,,,,,
283,quantum_samples,,,,,,,,
283,classical_normal,7.216956679026286,-4.331037203470866,-0.023822223426153262,,,,,
283,quantum_shadows,,,,,,,,
283,classical_uniform,7.735972221081074,-4.996625276712271,-0.07610256456507322,,,,,
284,quantum_samples,,,,,,,,
284,classical_normal,7.180508104960124,-4.351033512751261,0.021511111796523135,,,,,
284,quantum_shadows,,,,,,,,
284,classical_uniform,9.381659727830153,-6.516123790007371,-0.08235897428284471,,,,,
285,quantum_samples,,,,,,,,
285,classical_normal,7.119719505310059,-4.301617097854614,0.01306666765982906,,,,,
285,quantum_shadows,,,,,,,,
285,classical_uniform,8.568126091590294,-5.706255674362183,-0.08174358850989777,,,,,
286,quantum_samples,,,,,,,,
286,classical_normal,7.201659552256266,-4.330756934483846,0.005066667031496763,,,,,
286,quantum_shadows,,,,,,,,
286,classical_uniform,7.467506940548237,-4.598786720862756,-0.07046153826209214,,,,,
287,quantum_samples,,,,,,,,
287,classical_normal,7.144103876749674,-4.231573073069255,-0.00364444429675738,,,,,
287,quantum_shadows,,,,,,,,
287,classical_uniform,7.023066025513869,-4.220588464003343,-0.08358974324969146,,,,,
288,quantum_samples,,,,,,,,
288,classical_normal,7.286060365041097,-4.368622223536174,0.020000000670552253,,,,,
288,quantum_shadows,,,,,,,,
288,classical_uniform,7.546035033005935,-4.7410912697131815,-0.06871794816106558,,,,,
289,quantum_samples,,,,,,,,
289,classical_normal,7.288392512003581,-4.38603580792745,-0.006666666308107475,,,,,
289,quantum_shadows,,,,,,,,
289,classical_uniform,7.113798361558181,-4.286995594318096,-0.08656410256830546,,,,,
290,quantum_samples,,,,,,,,
290,classical_normal,7.401442654927572,-4.449657980600993,0.011822221335023642,,,,,
290,quantum_shadows,,,,,,,,
290,classical_uniform,7.052611497732309,-4.357204418915969,-0.0774358960871513,,,,,
291,quantum_samples,,,,,,,,
291,classical_normal,7.081776523590088,-4.2274568716684975,-0.0012444444311161837,,,,,
291,quantum_shadows,,,,,,,,
291,classical_uniform,6.957603307870718,-4.304470575772799,-0.06594871704538281,,,,,
292,quantum_samples,,,,,,,,
292,classical_normal,7.3626178423563635,-4.835237137476603,0.009155555441975594,,,,,
292,quantum_shadows,,,,,,,,
292,classical_uniform,7.602661059452937,-4.82752827497629,-0.06974359042942524,,,,,
293,quantum_samples,,,,,,,,
293,classical_normal,7.127356084187825,-4.281728235880534,0.0036444452901681266,,,,,
293,quantum_shadows,,,,,,,,
293,classical_uniform,7.5529518861037035,-4.891270234034612,0.07610256575907652,,,,,
294,quantum_samples,,,,,,,,
294,classical_normal,7.518256187438965,-4.553385861714681,0.002666667631516854,,,,,
294,quantum_shadows,,,,,,,,
294,classical_uniform,7.0803680786719685,-4.182940739851731,0.07651282051721445,,,,,
295,quantum_samples,,,,,,,,
295,classical_normal,7.5276228586832685,-4.652323293685913,0.008266666842003664,,,,,
295,quantum_shadows,,,,,,,,
295,classical_uniform,13.681224896357609,-10.693685329877413,0.07271794813613479,,,,,
296,quantum_samples,,,,,,,,
296,classical_normal,7.62145627339681,-4.691121323903402,0.012088889287163814,,,,,
296,quantum_shadows,,,,,,,,
296,classical_uniform,30.942968368530273,-27.921040259874783,0.06892307697293851,,,,,
297,quantum_samples,,,,,,,,
297,classical_normal,7.0645707766215,-4.319316085179647,0.00026666639217485985,,,,,
297,quantum_shadows,,,,,,,,
297,classical_uniform,31.488510351914627,-28.440143585205078,0.06738461557632455,,,,,
298,quantum_samples,,,,,,,,
298,classical_normal,7.680125649770101,-4.85894546508789,-0.004711111697057883,,,,,
298,quantum_shadows,,,,,,,,
298,classical_uniform,15.660026403573843,-12.619049842541035,0.07589743624871167,,,,,
299,quantum_samples,,,,,,,,
299,classical_normal,7.293409029642741,-4.504786682128906,0.01715555458019177,,,,,
299,quantum_shadows,,,,,,,,
299,classical_uniform,9.592327668116642,-6.611057850030752,0.08625640985197745,,,,,
